"PlotName","Trial","Name","Block","Plot","Row","Column","ID","NGRDI","BGI","myIndex","ID","dsm"
"14","T1","T1_14",1,14,1,14,1,0.237089857748159,0.583750744481798,0.0375046907428016,1,276.221890815857
"13","T1","T1_1",1,13,1,13,2,0.257819391409385,0.500519858623257,0.0932602335396577,2,276.128109361256
"12","T1","T1_39",1,12,1,12,3,0.239932735906344,0.518940495331966,0.0977696095982001,3,276.08754998809
"11","T1","T1_26",1,11,1,11,4,0.215851065741046,0.555408008728717,0.0941179241412946,4,276.11653585967
"10","T1","T1_80",1,10,1,10,5,0.233190583935753,0.554280571551873,0.0724454325886779,5,276.278575649983
"9","T1","T1_7",1,9,1,9,6,0.224895476723453,0.54433708566181,0.0924392539120187,6,276.217350164556
"8","T1","T1_56",1,8,1,8,7,0.257998476707323,0.467181794633995,0.127405947119026,7,276.049679178394
"7","T1","T1_3",1,7,1,7,8,0.262857690863894,0.464069050423398,0.12398595335408,8,276.172143405825
"6","T1","T1_104",1,6,1,6,9,0.243783801396448,0.51995026915856,0.09411297614786,9,276.146294669747
"5","T1","T1_8",1,5,1,5,10,0.177341071125806,0.628071668009484,0.0785649497839329,10,276.050580974596
"4","T1","T1_90",1,4,1,4,11,0.280968019569391,0.481142929212275,0.0846542466670713,11,276.117450816297
"3","T1","T1_84",1,3,1,3,12,0.283540657367298,0.478225627982091,0.0853345913582445,12,276.000243395825
"2","T1","T1_76",1,2,1,2,13,0.240170582988665,0.526091349885918,0.0935793821946277,13,275.998603342165
"1","T1","T1_19",1,1,1,1,14,0.227286804108699,0.564530675165484,0.0713483312036798,14,276.104778884384
"15","T1","T1_54",1,15,2,14,15,0.266824168104749,0.467800994787351,0.114508320710939,15,276.114129590391
"16","T1","T1_29",1,16,2,13,16,0.206545190030814,0.496110302270536,0.167855684653097,16,276.040334125588
"17","T1","T1_77",1,17,2,12,17,0.215974714877759,0.514559531874224,0.136604745032072,17,276.102340221283
"18","T1","T1_25",1,18,2,11,18,0.253162794807636,0.548684243161874,0.0524299979422251,18,276.292935888836
"19","T1","T1_5",1,19,2,10,19,0.251494949868476,0.491419739353872,0.110722306046351,19,276.405699770134
"20","T1","T1_53",1,20,2,9,20,0.247794615967183,0.50948844323742,0.0965919048413644,20,276.31111342957
"21","T1","T1_43",1,21,2,8,21,0.219439249604771,0.500929277890918,0.144704987642789,21,276.231384857242
"22","T1","T1_21",1,22,2,7,22,0.200262192274403,0.544728639858376,0.125997551635316,22,276.23964098798
"23","T1","T1_34",1,23,2,6,23,0.263391873197307,0.480001445112157,0.107106727728746,23,276.152819950843
"24","T1","T1_62",1,24,2,5,24,0.235377444303217,0.516058823487206,0.106031840590548,24,276.238333428745
"25","T1","T1_111",1,25,2,4,25,0.25302140892215,0.478292131391656,0.122049037410718,25,276.0888721484
"26","T1","T1_28",1,26,2,3,26,0.213470340928531,0.533635387257968,0.122099889688907,26,276.086791010797
"27","T1","T1_10",1,27,2,2,27,0.238148778483472,0.544992349924019,0.0759840698059081,27,276.213291757136
"28","T1","T1_15",1,28,2,1,28,0.216133334625653,0.544653643592114,0.107059649228738,28,276.080518276667
"42","T1","T1_41",1,42,3,14,29,0.259911233930609,0.485138990926515,0.107033032098587,29,276.356817471032
"41","T1","T1_16",1,41,3,13,30,0.251503952620105,0.545803406587633,0.0561106344244872,30,276.504532982926
"40","T1","T1_59",1,40,3,12,31,0.271651859681949,0.489638898599993,0.0868166683186208,31,276.373646524149
"39","T1","T1_20",1,39,3,11,32,0.245746706298624,0.53762842835216,0.0725440803161641,32,276.343761933756
"38","T1","T1_33",1,38,3,10,33,0.248418149225688,0.496942939818048,0.109019230842214,33,276.334902284481
"37","T1","T1_110",1,37,3,9,34,0.216509424180844,0.515292839940695,0.132408548620302,34,276.32576042914
"36","T1","T1_18",1,36,3,8,35,0.242896094786928,0.497749353294549,0.116591935983281,35,276.207923360559
"35","T1","T1_99",1,35,3,7,36,0.244160645954739,0.523939410085083,0.0875497116698396,36,276.248512330181
"34","T1","T1_68",1,34,3,6,37,0.259176859385503,0.517422742533225,0.0746414523709096,37,276.293788995036
"33","T1","T1_4",1,33,3,5,38,0.266309987406071,0.489656661493831,0.0945574414011015,38,276.234867344476
"32","T1","T1_47",1,32,3,4,39,0.244775119655783,0.488878441081352,0.124013687158296,39,276.261623472353
"31","T1","T1_81",1,31,3,3,40,0.220909340431125,0.528931962270551,0.115510053369855,40,276.166360433097
"30","T1","T1_64",1,30,3,2,41,0.263219258554438,0.508204210525038,0.0789669191276719,41,276.254668834402
"29","T1","T1_71",1,29,3,1,42,0.253494587393661,0.490675288820595,0.109108083864582,42,276.400320979841
"43","T1","T1_57",1,43,4,14,43,0.280051493707317,0.515570490008151,0.0505874249636064,43,276.516574671243
"44","T1","T1_98",1,44,4,13,44,0.261265486644608,0.505547617644939,0.084062720976689,44,276.43058023293
"45","T1","T1_40",1,45,4,12,45,0.263426022574054,0.481376161998159,0.105267062258026,45,276.475482699084
"46","T1","T1_22",1,46,4,11,46,0.245352154842383,0.50066763058279,0.111443950208444,46,276.461370012229
"47","T1","T1_67",1,47,4,10,47,0.272782025311503,0.443885581263431,0.131367905991873,47,276.435814685905
"48","T1","T1_61",1,48,4,9,48,0.249836852676394,0.49932072304256,0.105573219993446,48,276.378421267565
"49","T1","T1_23",1,49,4,8,49,0.224018915879437,0.540851559670899,0.0995921084642329,49,276.316239311145
"50","T1","T1_31",1,50,4,7,50,0.250519121246722,0.521207983682832,0.0825891168993234,50,276.433139860207
"51","T1","T1_35",1,51,4,6,51,0.252627858414031,0.532768546982201,0.0701068893663624,51,276.382219564998
"52","T1","T1_55",1,52,4,5,52,0.250844229351847,0.466370480341161,0.137513240041773,52,276.327391417075
"53","T1","T1_88",1,53,4,4,53,0.251847216417245,0.46529912093737,0.138383007245555,53,276.180611138894
"54","T1","T1_6",1,54,4,3,54,0.22810397571285,0.547759406526582,0.0861147776952573,54,276.204775933108
"55","T1","T1_9",1,55,4,2,55,0.236363815970302,0.549543009673172,0.0719944212852484,55,276.297232070617
"56","T1","T1_13",1,56,4,1,56,0.19668323296616,0.578772014126355,0.097618988784646,56,276.388616883199
"70","T1","T1_27",1,70,5,14,57,0.251593068776034,0.510533577569004,0.0910443209117423,57,276.383904893573
"69","T1","T1_107",1,69,5,13,58,0.247197450442965,0.512402162160104,0.0957415201559534,58,276.385359920281
"68","T1","T1_105",1,68,5,12,59,0.267785161849998,0.514064535933679,0.069165540770355,59,276.454725858057
"67","T1","T1_65",1,67,5,11,60,0.273542888561722,0.483438178619545,0.091219555713249,60,276.498666697967
"66","T1","T1_102",1,66,5,10,61,0.241346842386161,0.527852290931757,0.0891528035744035,61,276.347832011816
"65","T1","T1_94",1,65,5,9,62,0.258952055641805,0.462163351319196,0.13100877914877,62,276.304361970275
"64","T1","T1_11",1,64,5,8,63,0.207548695514301,0.58516294250388,0.0768860855627032,63,276.351250426333
"63","T1","T1_12",1,63,5,7,64,0.229561962083272,0.555291926257762,0.0756882739552933,64,276.45399420432
"62","T1","T1_24",1,62,5,6,65,0.22331853109987,0.54936174860607,0.0906241015645343,65,276.321454861736
"61","T1","T1_73",1,61,5,5,66,0.242995748182334,0.497015683733919,0.116729666689462,66,276.426417430466
"60","T1","T1_36",1,60,5,4,67,0.255419443915754,0.492516107269499,0.105192461162379,67,276.419672774243
"59","T1","T1_52",1,59,5,3,68,0.217902416343436,0.529863233111427,0.116499173994473,68,276.360815846276
"58","T1","T1_17",1,58,5,2,69,0.220839466601146,0.606604066957714,0.0371790233602007,69,276.296395100786
"57","T1","T1_45",1,57,5,1,70,0.244186575502074,0.5201067738471,0.0940776749021132,70,276.339676018733
"71","T1","T1_46",2,71,6,14,71,0.238982794860169,0.52306642919447,0.0955501986070883,71,276.509690935011
"72","T1","T1_69",2,72,6,13,72,0.272043070653892,0.474071718653007,0.104322011543699,72,276.455916890821
"73","T1","T1_66",2,73,6,12,73,0.290989451673658,0.462223749103936,0.0923575155962882,73,276.443693059076
"74","T1","T1_101",2,74,6,11,74,0.239783660055643,0.530497619559703,0.0877033752363659,74,276.419351793871
"75","T1","T1_74",2,75,6,10,75,0.254206513296584,0.50832205973245,0.0904748004767868,75,276.437963006526
"76","T1","T1_96",2,76,6,9,76,0.220119171430297,0.544126180277932,0.103365324382067,76,276.417968583486
"77","T1","T1_17",2,77,6,8,77,0.242889357635321,0.59145940149284,0.0229188705477778,77,276.434807769938
"78","T1","T1_97",2,78,6,7,78,0.229693438233274,0.536052422113321,0.0950993599179181,78,276.351942490416
"79","T1","T1_49",2,79,6,6,79,0.256557451311472,0.512593344746593,0.0841410914485038,79,276.412472542774
"80","T1","T1_42",2,80,6,5,80,0.259904262399436,0.509606567217108,0.0835615035150501,80,276.44152020366
"81","T1","T1_110",2,81,6,4,81,0.229495265868875,0.54301130433305,0.0886138343525649,81,276.35209855566
"82","T1","T1_23",2,82,6,3,82,0.230457679545987,0.56074584315135,0.0694635926716722,82,276.3541691453
"83","T1","T1_91",2,83,6,2,83,0.257354649517237,0.510043906995015,0.0854312354723654,83,276.417583490554
"84","T1","T1_106",2,84,6,1,84,0.233327132972144,0.543013973945676,0.0848491354995372,84,276.327218181353
"98","T1","T1_16",2,98,7,14,85,0.241072744186608,0.607018288309509,0.00867311159297083,85,276.648127493545
"97","T1","T1_85",2,97,7,13,86,0.272773092097632,0.515716545971448,0.0594311019327841,86,276.560633919275
"96","T1","T1_86",2,96,7,12,87,0.277193695184384,0.501705738159492,0.0711750826788861,87,276.446634684513
"95","T1","T1_38",2,95,7,11,88,0.2484941075079,0.548522922882435,0.0579843963294182,88,276.410983751558
"94","T1","T1_83",2,94,7,10,89,0.233676215803742,0.534822549880953,0.0939369490902375,89,276.415587347553
"93","T1","T1_10",2,93,7,9,90,0.264556990874975,0.560840784885707,0.0274908226760643,90,276.564537498262
"92","T1","T1_37",2,92,7,8,91,0.290114273826233,0.492639851043193,0.0644758860295847,91,276.464583849845
"91","T1","T1_93",2,91,7,7,92,0.279826828993707,0.513231797106339,0.0573312100375785,92,276.634295068048
"90","T1","T1_22",2,90,7,6,93,0.23946647540404,0.52870096180108,0.0920635498597722,93,276.519429646211
"89","T1","T1_70",2,89,7,5,94,0.255891393980473,0.446512616780008,0.152261853494106,94,276.383214843967
"88","T1","T1_51",2,88,7,4,95,0.236546377152805,0.509145120563451,0.115424883604909,95,276.277376054625
"87","T1","T1_103",2,87,7,3,96,0.220180713689957,0.565592725040482,0.0786184509785065,96,276.314356669869
"86","T1","T1_28",2,86,7,2,97,0.24284532233563,0.567106612390839,0.0469700113274436,97,276.39354654093
"85","T1","T1_108",2,85,7,1,98,0.276893575099988,0.521787992553765,0.0497789985964577,98,276.45857712664
"99","T1","T1_15",2,99,8,14,99,0.227685507756877,0.592044744440801,0.0422598117086316,99,276.44082658486
"100","T1","T1_82",2,100,8,13,100,0.217882048557323,0.583280470982071,0.064546910231572,100,276.470521287079
"101","T1","T1_95",2,101,8,12,101,0.235373179545766,0.537072324818106,0.08599869379187,101,276.458472667302
"102","T1","T1_6",2,102,8,11,102,0.185743596368051,0.597902686446801,0.0953125542322712,102,276.395729680879
"103","T1","T1_109",2,103,8,10,103,0.218555887302926,0.5495422469143,0.0972071069103447,103,276.385165883145
"104","T1","T1_12",2,104,8,9,104,0.201605952692268,0.585607604694878,0.0858093098393461,104,276.359182531253
"105","T1","T1_8",2,105,8,8,105,0.156380610097817,0.661411971831233,0.0744740672365135,105,276.388913890862
"106","T1","T1_14",2,106,8,7,106,0.203313564745475,0.64502985556458,0.0212045009603893,106,276.489216735504
"107","T1","T1_9",2,107,8,6,107,0.22862653474459,0.558021644768136,0.0752646969479961,107,276.475741864371
"108","T1","T1_1",2,108,8,5,108,0.25970908574282,0.516815481759861,0.0760857920602238,108,276.365662864297
"109","T1","T1_44",2,109,8,4,109,0.230078234993119,0.53521713440841,0.0961568790488548,109,276.349143610388
"110","T1","T1_27",2,110,8,3,110,0.261976803702781,0.496386239116875,0.0926951069963887,110,276.322009527777
"111","T1","T1_4",2,111,8,2,111,0.27459997575625,0.508143969211469,0.065588271086316,111,276.343619734668
"112","T1","T1_87",2,112,8,1,112,0.269290323217164,0.507823675171323,0.0732489131446884,112,276.36105347416
"126","T1","T1_19",2,126,9,14,113,0.232683794275053,0.598757854657921,0.029600582171032,113,276.525550283844
"125","T1","T1_79",2,125,9,13,114,0.244809361278162,0.514443324065062,0.0975714788214413,114,276.476303359616
"124","T1","T1_5",2,124,9,12,115,0.273745690226029,0.490253537457,0.0851010281879446,115,276.513049139633
"123","T1","T1_58",2,123,9,11,116,0.279740628779237,0.518150388185072,0.0491530912394682,116,276.5341425803
"122","T1","T1_63",2,122,9,10,117,0.293209376597207,0.496251221707675,0.0547352044529853,117,276.579920919412
"121","T1","T1_50",2,121,9,9,118,0.242728159407611,0.573886709962008,0.0394067339070363,118,276.615129144362
"120","T1","T1_7",2,120,9,8,119,0.221399407860484,0.584739077889602,0.0588407488916599,119,276.467645690473
"119","T1","T1_25",2,119,9,7,120,0.239755035783364,0.613645296776079,0.00344829435800748,120,276.496911664848
"118","T1","T1_26",2,118,9,6,121,0.228402802835262,0.578663377233965,0.0545670581346003,121,276.407355853101
"117","T1","T1_89",2,117,9,5,122,0.255388042066696,0.519165188967724,0.0810014405660502,122,276.338985093738
"116","T1","T1_111",2,116,9,4,123,0.261338958375127,0.519786791639057,0.0709428139323386,123,276.409859964757
"115","T1","T1_92",2,115,9,3,124,0.272903401339311,0.511051855222467,0.0650693709157924,124,276.379712287692
"114","T1","T1_75",2,114,9,2,125,0.251179338419626,0.55871998902043,0.044565612993286,125,276.417151611895
"113","T1","T1_24",2,113,9,1,126,0.24422580424085,0.544657468256007,0.0694212967449155,126,276.40177558319
"127","T1","T1_48",2,127,10,14,127,0.268436308103376,0.520446181956212,0.062208843551883,127,276.525140018922
"128","T1","T1_60",2,128,10,13,128,0.283125391675346,0.484652580372593,0.078537310436321,128,276.543046274794
"129","T1","T1_30",2,129,10,12,129,0.267926412991805,0.498201570363341,0.08485273069028,129,276.48373395814
"130","T1","T1_13",2,130,10,11,130,0.211525943909429,0.603867308184453,0.0523272858711273,130,276.640216945141
"131","T1","T1_20",2,131,10,10,131,0.23412430483902,0.591138077169737,0.0354256937012558,131,276.53234237446
"132","T1","T1_18",2,132,10,9,132,0.241522360979718,0.537005008692915,0.0805862367151392,132,276.445440481402
"133","T1","T1_3",2,133,10,8,133,0.278957093571943,0.488814030771189,0.0793404065617279,133,276.457365479254
"134","T1","T1_32",2,134,10,7,134,0.228647333809172,0.542882893417418,0.090137174247736,134,276.447161631427
"135","T1","T1_21",2,135,10,6,135,0.226060859843886,0.571212315472698,0.0672165533813766,135,276.446431256141
"136","T1","T1_11",2,136,10,5,136,0.235864603648684,0.602141891430613,0.0213311658311626,136,276.498772736337
"137","T1","T1_78",2,137,10,4,137,0.256735293162033,0.58987887027919,0.00621845600854657,137,276.493163149714
"138","T1","T1_100",2,138,10,3,138,0.25856780789267,0.537735525069844,0.0565773515314851,138,276.430403451164
"139","T1","T1_72",2,139,10,2,139,0.282233636690963,0.516335935679883,0.0495405605087706,139,276.403457849731
"140","T1","T1_2",2,140,10,1,140,0.272016368838589,0.503667612874043,0.0750177942460689,140,276.393231166898
"14","T2","T2_24",1,14,1,14,141,0.299120541739391,0.45196985063685,0.0922823337429728,141,276.03661244821
"13","T2","T2_67",1,13,1,13,142,0.287508728758907,0.468102523148964,0.0901264092351222,142,276.013396105075
"12","T2","T2_51",1,12,1,12,143,0.279162832229508,0.477426508301094,0.090791227464777,143,276.082761069957
"11","T2","T2_12",1,11,1,11,144,0.290554497110696,0.453455390783815,0.100517750990815,144,276.03567189357
"10","T2","T2_11",1,10,1,10,145,0.285735684061496,0.489477817903526,0.071494337065783,145,275.948620628944
"9","T2","T2_50",1,9,1,9,146,0.276468343458967,0.517869890850924,0.0538056747095699,146,276.05764582607
"8","T2","T2_13",1,8,1,8,147,0.281558987193657,0.48089311746469,0.0849260851505788,147,276.055193838896
"7","T2","T2_86",1,7,1,7,148,0.293218163742911,0.468002752779256,0.0834112732200345,148,276.005724791704
"6","T2","T2_8",1,6,1,6,149,0.270102211171928,0.459078001529081,0.122568541475058,149,275.750717690859
"5","T2","T2_26",1,5,1,5,150,0.283054458390185,0.494297292021339,0.0700151693739899,150,275.855516633764
"4","T2","T2_73",1,4,1,4,151,0.29312057684291,0.470660801682592,0.0808857799452011,151,275.819059060668
"3","T2","T2_10",1,3,1,3,152,0.295491920741145,0.449756270030207,0.0995622268947224,152,275.935279383727
"2","T2","T2_6",1,2,1,2,153,0.298908484479476,0.43705718371268,0.107151644145936,153,275.900743481945
"1","T2","T2_18",1,1,1,1,154,0.293754834141034,0.463195625676307,0.0877171470907107,154,275.993218334605
"15","T2","T2_48",1,15,2,14,155,0.271024252189268,0.481179946015499,0.0969134759275117,155,276.172527437137
"16","T2","T2_29",1,16,2,13,156,0.277021572008841,0.468544667484662,0.102084707034264,156,276.086464059292
"17","T2","T2_20",1,17,2,12,157,0.285420279238543,0.44474157327843,0.116946922583422,157,276.085022483903
"18","T2","T2_64",1,18,2,11,158,0.323654060987474,0.386543799526704,0.129172086560151,158,276.131441434114
"19","T2","T2_23",1,19,2,10,159,0.269777941016513,0.448788257233598,0.13403663395822,159,276.002521216169
"20","T2","T2_19",1,20,2,9,160,0.240483182843,0.47977600622199,0.141354813849728,160,275.91812416974
"21","T2","T2_28",1,21,2,8,161,0.270642432946077,0.464457031331538,0.117472876194792,161,275.936958604711
"22","T2","T2_79",1,22,2,7,162,0.290794595004603,0.46947121092632,0.0840492297183565,162,275.974181913594
"23","T2","T2_32",1,23,2,6,163,0.298064843302546,0.456558761596751,0.0910712501951625,163,275.904903667276
"24","T2","T2_30",1,24,2,5,164,0.298071368934056,0.479466160879464,0.0667548653586939,164,275.898454441542
"25","T2","T2_87",1,25,2,4,165,0.288721610663097,0.469861222710308,0.0865120607786979,165,275.888543312947
"26","T2","T2_78",1,26,2,3,166,0.299998047186791,0.473904955883595,0.0687289797650272,166,276.021572490734
"27","T2","T2_17",1,27,2,2,167,0.287644000596201,0.486831549876594,0.0717711872743539,167,276.065726086647
"28","T2","T2_77",1,28,2,1,168,0.281994011407383,0.511181565795764,0.0544936888102586,168,276.17827377514
"42","T2","T2_55",1,42,3,14,169,0.285297391299055,0.508733083848712,0.0522377863544668,169,276.184508170691
"41","T2","T2_68",1,41,3,13,170,0.272243137324197,0.511423717293573,0.0657380576194136,170,276.130172670466
"40","T2","T2_34",1,40,3,12,171,0.27444477795476,0.491488799972413,0.0828322783892769,171,276.179616241143
"39","T2","T2_61",1,39,3,11,172,0.292523438185553,0.494266734940048,0.0578486743306428,172,276.13494040911
"38","T2","T2_31",1,38,3,10,173,0.278275379459758,0.513931418366568,0.0575884732160146,173,276.002777399633
"37","T2","T2_88",1,37,3,9,174,0.285386278665165,0.483184989779508,0.0784048511260163,174,275.930836550826
"36","T2","T2_74",1,36,3,8,175,0.236164802858223,0.483751633484739,0.141712594103411,175,275.984161599086
"35","T2","T2_25",1,35,3,7,176,0.264975361878374,0.499791011594247,0.0861851759312393,176,276.059412445822
"34","T2","T2_38",1,34,3,6,177,0.281280724325315,0.498961381824852,0.0670594766589391,177,276.039887092913
"33","T2","T2_46",1,33,3,5,178,0.283935346355325,0.490712265423655,0.07188437241618,178,275.962476595134
"32","T2","T2_16",1,32,3,4,179,0.267907629897792,0.445831240615378,0.135895634966725,179,275.953773596353
"31","T2","T2_65",1,31,3,3,180,0.295305046598151,0.45716684487081,0.091777288138674,180,276.009893026317
"30","T2","T2_33",1,30,3,2,181,0.26150382519084,0.457923696272973,0.136804350948384,181,276.006142587825
"29","T2","T2_37",1,29,3,1,182,0.29272640067513,0.45207528137255,0.101318731862942,182,276.033223016975
"43","T2","T2_21",1,43,4,14,183,0.264107404345863,0.488430855310055,0.100464806899964,183,276.148306605634
"44","T2","T2_9",1,44,4,13,184,0.256386029133887,0.513405034098023,0.0850628275158513,184,276.352068491891
"45","T2","T2_59",1,45,4,12,185,0.283287436175772,0.505982684863748,0.0574416019886588,185,276.288209934391
"46","T2","T2_58",1,46,4,11,186,0.305013496947188,0.446673066523367,0.0904086198284245,186,276.281164276231
"47","T2","T2_22",1,47,4,10,187,0.303671717443062,0.483439520392569,0.0566329251525179,187,276.194379985408
"48","T2","T2_53",1,48,4,9,188,0.286089043515519,0.505060842017879,0.0551833464692584,188,276.16565549189
"49","T2","T2_47",1,49,4,8,189,0.292396104163884,0.480519729638985,0.0725093809571528,189,276.043975328428
"50","T2","T2_35",1,50,4,7,190,0.297540173627256,0.454030395599905,0.0910877858601305,190,276.139241695506
"51","T2","T2_57",1,51,4,6,191,0.290398692545525,0.467681615926032,0.0869206070832776,191,276.135730929033
"52","T2","T2_52",1,52,4,5,192,0.281039923904762,0.491995207850506,0.0766251804602653,192,276.096922829294
"53","T2","T2_14",1,53,4,4,193,0.285685547111093,0.442988096390952,0.118620061268114,193,275.931593170174
"54","T2","T2_15",1,54,4,3,194,0.269797171015587,0.488245380057347,0.0926745954323091,194,275.991775429118
"55","T2","T2_56",1,55,4,2,195,0.283505193472716,0.509074501690225,0.0542121319281326,195,276.021712116808
"56","T2","T2_76",1,56,4,1,196,0.2898608381873,0.445154456797134,0.113618362998462,196,276.069829638426
"70","T2","T2_41",2,70,5,14,197,0.259408179145641,0.497923858069565,0.0949413711740854,197,276.439613570487
"69","T2","T2_71",2,69,5,13,198,0.262307400730829,0.500124552300863,0.0919190623013095,198,276.232642498308
"68","T2","T2_63",2,68,5,12,199,0.26350698107477,0.462890539859461,0.126022774162363,199,276.22511795556
"67","T2","T2_31",2,67,5,11,200,0.298660999239873,0.477789619717621,0.0689139282701307,200,276.196584609143
"66","T2","T2_8",2,66,5,10,201,0.275713928373031,0.457655543551616,0.116358241895894,201,276.050805828171
"65","T2","T2_21",2,65,5,9,202,0.245062602245812,0.477609552228986,0.137634935750612,202,276.05344387102
"64","T2","T2_83",2,64,5,8,203,0.26641771034582,0.465185834394189,0.121082930048958,203,276.193595825651
"63","T2","T2_42",2,63,5,7,204,0.283905657582908,0.449219420500428,0.113757306473444,204,276.31301954121
"62","T2","T2_7",2,62,5,6,205,0.282738473134288,0.47119587363426,0.0947372166547946,205,276.201114327256
"61","T2","T2_70",2,61,5,5,206,0.276994353180855,0.478466935655618,0.0948854256402493,206,276.056231123825
"60","T2","T2_33",2,60,5,4,207,0.275145105353812,0.464372418495968,0.112754045896885,207,276.165163454513
"59","T2","T2_85",2,59,5,3,208,0.296871347643616,0.500418387053129,0.0482403320741367,208,276.175259051909
"58","T2","T2_39",2,58,5,2,209,0.310389269853851,0.486696496075495,0.0449530781635693,209,276.096012500418
"57","T2","T2_27",1,57,5,1,210,0.30572184824806,0.481772645573088,0.0555833854389776,210,276.099426563136
"71","T2","T2_69",2,71,6,14,211,0.304075809412815,0.445087317015237,0.0947207490173527,211,276.462251365667
"72","T2","T2_20",2,72,6,13,212,0.280574325817557,0.468479465825279,0.100328848220174,212,276.327841986702
"73","T2","T2_36",2,73,6,12,213,0.27829613495614,0.504045176498237,0.0656940055057439,213,276.383102428599
"74","T2","T2_34",2,74,6,11,214,0.281499333900515,0.495718905967006,0.0702349273446057,214,276.301628485265
"75","T2","T2_30",2,75,6,10,215,0.300776872154726,0.504650819864657,0.0379098468701113,215,276.260627955025
"76","T2","T2_9",2,76,6,9,216,0.267378703169751,0.504742147846756,0.0782587786649504,216,276.36801741519
"77","T2","T2_43",2,77,6,8,217,0.274815634583592,0.464534302171763,0.108955882639214,217,276.260323935613
"78","T2","T2_75",2,78,6,7,218,0.289587326365472,0.464784220646442,0.0929752154099232,218,276.17190736418
"79","T2","T2_81",2,79,6,6,219,0.262015298443515,0.527503870315696,0.0620823476550911,219,276.204116423194
"80","T2","T2_62",2,80,6,5,220,0.26595968412302,0.489989571698282,0.0942555981933825,220,276.214163659816
"81","T2","T2_49",2,81,6,4,221,0.263170195449032,0.489083708446551,0.0988721171035614,221,276.193768865368
"82","T2","T2_32",2,82,6,3,222,0.267906118628333,0.48740473145231,0.0969327964482274,222,276.1569892874
"83","T2","T2_22",2,83,6,2,223,0.270237941370476,0.489611639563358,0.0922735505247811,223,276.157769334129
"84","T2","T2_5",2,84,6,1,224,0.24845850960242,0.497393397400326,0.110954153574797,224,276.180305177411
"98","T2","T2_66",2,98,7,14,225,0.295924345627928,0.4760594103133,0.0721705539134283,225,276.351200018296
"97","T2","T2_91",2,97,7,13,226,0.2798358679821,0.479853831211771,0.0871950788859402,226,276.35869968681
"96","T2","T2_23",2,96,7,12,227,0.280848459093357,0.464763213766554,0.102656519588069,227,276.380941813213
"95","T2","T2_10",2,95,7,11,228,0.27215975371601,0.487328259304653,0.0935008916843832,228,276.364922767967
"94","T2","T2_82",2,94,7,10,229,0.263962291255107,0.508111928187671,0.0791738625216421,229,276.370787204874
"93","T2","T2_89",2,93,7,9,230,0.28026814067778,0.490030114278157,0.0773390353684624,230,276.320477914556
"92","T2","T2_16",2,92,7,8,231,0.277810057025551,0.449783374295144,0.11977058896577,231,276.266569073777
"91","T2","T2_6",2,91,7,7,232,0.296360763630184,0.442659734309987,0.10551916598768,232,276.236147773563
"90","T2","T2_1",2,90,7,6,233,0.277948676759413,0.509578307466787,0.0609352442848721,233,276.119198212357
"89","T2","T2_72",2,89,7,5,234,0.269660095849734,0.465173348352386,0.117601719265941,234,276.04298379931
"88","T2","T2_45",2,88,7,4,235,0.282776735321148,0.470991471489349,0.0943143997690919,235,276.095127729893
"87","T2","T2_84",2,87,7,3,236,0.290196071233146,0.4486563106961,0.106821502217214,236,276.157769505522
"86","T2","T2_40",2,86,7,2,237,0.274363483235079,0.437054227378571,0.140086383527604,237,276.034956337957
"85","T2","T2_27",2,85,7,1,238,0.279180318142822,0.494358492497295,0.0749312568751335,238,276.146974257037
"99","T2","T2_90",2,99,8,14,239,0.283831895417787,0.468718882531665,0.095341691372593,239,276.279247623956
"100","T2","T2_26",2,100,8,13,240,0.271906439002742,0.482193805846806,0.0951532377337933,240,276.232998328107
"101","T2","T2_4",2,101,8,12,241,0.2684040929969,0.502250135606812,0.0820109602178902,241,276.266530647254
"102","T2","T2_28",2,102,8,11,242,0.296903056541991,0.472225012312005,0.075744344076595,242,276.294205681641
"103","T2","T2_60",2,103,8,10,243,0.292261081629297,0.472137456030969,0.0822170887073514,243,276.215707838767
"104","T2","T2_12",2,104,8,9,244,0.29216883724232,0.444149376583184,0.110095929548805,244,276.228001059146
"105","T2","T2_1",2,105,8,8,245,0.284720914040625,0.484473323658685,0.0780043525561214,245,276.143772214424
"106","T2","T2_2",2,106,8,7,246,0.288685115334348,0.459537953279016,0.0990784720700514,246,276.219743198417
"107","T2","T2_3",2,107,8,6,247,0.287766526045508,0.49961577145517,0.0593795302313562,247,276.182594100815
"108","T2","T2_54",2,108,8,5,248,0.283657930605009,0.497136650567647,0.0674870848880013,248,276.161230050536
"109","T2","T2_29",2,109,8,4,249,0.231271799536632,0.493027098091167,0.140398650008578,249,276.021576023403
"110","T2","T2_80",2,110,8,3,250,0.262678588262398,0.48702494797398,0.101346261410885,250,276.086939261077
"111","T2","T2_35",2,111,8,2,251,0.271955205002705,0.488037137753254,0.089316457058735,251,276.159021304104
"112","T2","T2_18",2,112,8,1,252,0.274660577978192,0.486234860989686,0.0873673946574674,252,276.211917720672
"126","T2","T2_17",2,126,9,14,253,0.27308180606954,0.515099692182289,0.0605534384712627,253,276.383835420887
"125","T2","T2_4",2,125,9,13,254,0.23331586056064,0.549108250074453,0.0798025919511225,254,276.290856844261
"124","T2","T2_19",2,124,9,12,255,0.246924004357113,0.506313942106197,0.104353631846321,255,276.356526805501
"123","T2","T2_91",2,123,9,11,256,0.261104405895283,0.496078816218951,0.097738764130872,256,276.233218442615
"122","T2","T2_15",2,122,9,10,257,0.262276225209273,0.515192332992609,0.0739665967538445,257,276.2089990054
"121","T2","T2_24",2,121,9,9,258,0.274398414990911,0.486942958529558,0.0889925507382004,258,276.203483513085
"120","T2","T2_3",2,120,9,8,259,0.28451347449153,0.513628944360764,0.0486819449858616,259,276.201260038069
"119","T2","T2_11",2,119,9,7,260,0.281533804550125,0.479612853341027,0.0880705468298562,260,276.21127438217
"118","T2","T2_2",2,118,9,6,261,0.276259586393515,0.491548899050909,0.0819028221061093,261,276.161612029131
"117","T2","T2_14",2,117,9,5,262,0.272867890928368,0.460482506230395,0.119596960781391,262,276.022305003655
"116","T2","T2_90",2,116,9,4,263,0.292912630534564,0.467734454362667,0.0870800251859103,263,276.079108751012
"115","T2","T2_44",2,115,9,3,264,0.274009517069958,0.498237191934385,0.0788161956709033,264,276.075095170423
"114","T2","T2_25",2,114,9,2,265,0.255221264465544,0.52447778725736,0.0761461877968408,265,276.166094878767
"113","T2","T2_13",2,113,9,1,266,0.278113644920893,0.499613328371954,0.0701404786125738,266,276.275705842182
"14","T3","T3_85",1,14,1,14,267,0.252372454963314,0.476164112634007,0.128678026383268,267,275.775083209807
"13","T3","T3_7",1,13,1,13,268,0.281730179498035,0.438676331281686,0.127417329437559,268,275.756144884675
"12","T3","T3_132",2,12,1,12,269,0.281502535762184,0.463666062571742,0.102169696465026,269,275.837798542768
"11","T3","T3_99",1,11,1,11,270,0.269873044840705,0.47256539164837,0.108052117693005,270,275.773821371629
"10","T3","T3_58",2,10,1,10,271,0.290413143468203,0.470728155537269,0.0845442595820048,271,275.851545749158
"9","T3","T3_96",2,9,1,9,272,0.286633412492938,0.500019441168378,0.0601062636325572,272,275.752052443082
"8","T3","T3_126",2,8,1,8,273,0.280242648882986,0.494976949140559,0.0713067366544805,273,275.837877190874
"7","T3","T3_67",1,7,1,7,274,0.278860000903174,0.497091377416965,0.0733794389734814,274,275.722381428801
"6","T3","T3_27",1,6,1,6,275,0.270323186133184,0.506127022064426,0.0757814138707948,275,275.63541254788
"5","T3","T3_107",1,5,1,5,276,0.274483923328093,0.506497461490685,0.0689095727822496,276,275.743873993744
"4","T3","T3_122",2,4,1,4,277,0.291488698106814,0.470914966824378,0.083269943868042,277,275.793246239949
"3","T3","T3_55",1,3,1,3,278,0.28581347979992,0.470149854985048,0.091193317248721,278,275.829119599362
"2","T3","T3_20",2,2,1,2,279,0.287529757847663,0.443801481279545,0.114928020448126,279,275.780693616358
"1","T3","T3_56",2,1,1,1,280,0.292886175485568,0.441532303632322,0.111033345070511,280,275.817895847369
"15","T3","T3_13",1,15,2,14,281,0.282857174805226,0.470086856953134,0.0946540210716192,281,275.979907740858
"16","T3","T3_115",1,16,2,13,282,0.268730655925412,0.481585722639456,0.101230000652704,282,275.83304968878
"17","T3","T3_111",1,17,2,12,283,0.272604399088953,0.489029064931992,0.0888179623391268,283,275.962300184106
"18","T3","T3_120",1,18,2,11,284,0.295016056690819,0.475659640385407,0.0741489463276614,284,275.98103480275
"19","T3","T3_19",2,19,2,10,285,0.263760066508953,0.489811479886158,0.0990257634637083,285,275.825133487029
"20","T3","T3_44",2,20,2,9,286,0.243861463199369,0.497277618251039,0.116124669396368,286,275.867379661364
"21","T3","T3_35",1,21,2,8,287,0.282733779536965,0.445580149612798,0.11783481494746,287,275.891899916296
"22","T3","T3_128",2,22,2,7,288,0.277159898787145,0.446343507937735,0.124145906906417,288,275.821394314164
"23","T3","T3_124",2,23,2,6,289,0.287211735260508,0.455868499048901,0.10238790335452,289,275.783374326994
"24","T3","T3_48",1,24,2,5,290,0.248376053055073,0.469185640114437,0.140556816897232,290,275.728618670792
"25","T3","T3_26",1,25,2,4,291,0.280302130884298,0.471089042264988,0.0965905890263591,291,275.85831364049
"26","T3","T3_33",2,26,2,3,292,0.279856673876559,0.466054875483939,0.102773839590816,292,275.812937995835
"27","T3","T3_8",1,27,2,2,293,0.274874183303598,0.464813673491626,0.109764488107402,293,275.812623428677
"28","T3","T3_64",1,28,2,1,294,0.281204607006298,0.474530559732577,0.0919885873367171,294,275.857011086144
"42","T3","T3_29",2,42,3,14,295,0.29327063917084,0.478769569728839,0.0740443170405352,295,276.108384352704
"41","T3","T3_75",1,41,3,13,296,0.292430802709149,0.448096667757968,0.10763739885089,296,275.970890220148
"40","T3","T3_63",1,40,3,12,297,0.265808799118033,0.502998151876514,0.0847807721941012,297,275.973103977597
"39","T3","T3_133",2,39,3,11,298,0.294916351401783,0.49825276009366,0.0525004101516431,298,275.970477134871
"38","T3","T3_91",1,38,3,10,299,0.273261117141977,0.473708734345842,0.104418366642554,299,275.800722879162
"37","T3","T3_59",2,37,3,9,300,0.270196283799262,0.533517044643131,0.0457031233837881,300,275.87719772199
"36","T3","T3_125",2,36,3,8,301,0.298548319507996,0.488164918035007,0.0574895048830579,301,275.903970946328
"35","T3","T3_15",1,35,3,7,302,0.309353120054204,0.460041379715694,0.0730452491400043,302,275.860511537014
"34","T3","T3_100",2,34,3,6,303,0.312568183429334,0.463288914922369,0.0662624755072771,303,275.833046827108
"33","T3","T3_123",2,33,3,5,304,0.311159775078877,0.462055409804483,0.0687739749850804,304,275.867402283136
"32","T3","T3_131",2,32,3,4,305,0.281258593182578,0.530282073546171,0.0374215954745969,305,275.894712930163
"31","T3","T3_104",2,31,3,3,306,0.270247231625642,0.504669170509101,0.0771329680576418,306,275.860022354924
"30","T3","T3_41",2,30,3,2,307,0.291788113772871,0.467083837981391,0.0875973262122732,307,275.931097366097
"29","T3","T3_14",1,29,3,1,308,0.314490990892006,0.466312625293785,0.0609315447863425,308,275.957979398593
"43","T3","T3_119",1,43,4,14,309,0.272985964409416,0.501099687418996,0.0747704831052741,309,276.14699682473
"44","T3","T3_103",2,44,4,13,310,0.26888035101279,0.50030335635863,0.0830544057799868,310,275.940503548333
"45","T3","T3_24",1,45,4,12,311,0.250645018700102,0.467310434823203,0.139813068373979,311,275.81225192435
"46","T3","T3_134",2,46,4,11,312,0.314799402411896,0.451620613637462,0.0783368881390869,312,275.885140215117
"47","T3","T3_30",2,47,4,10,313,0.308569928839755,0.444932023465582,0.0906646919245766,313,275.904562217211
"48","T3","T3_112",2,48,4,9,314,0.310083849888274,0.479978486482026,0.0529962409464676,314,275.830347840627
"49","T3","T3_10",1,49,4,8,315,0.30836420920662,0.480643173906783,0.0583044475389385,315,275.979898344661
"50","T3","T3_73",1,50,4,7,316,0.277165827071813,0.499247275435273,0.0733089570858146,316,276.075167519405
"51","T3","T3_136",1,51,4,6,317,0.30444119481104,0.467736103373479,0.0714888812021096,317,275.922317365867
"52","T3","T3_101",1,52,4,5,318,0.283037442333541,0.478483197523796,0.0863263321115124,318,275.826622012359
"53","T3","T3_47",1,53,4,4,319,0.291136921855639,0.477104709207936,0.0785227632810553,319,275.838468134905
"54","T3","T3_49",1,54,4,3,320,0.29341511767324,0.458607875996628,0.0951986453734713,320,275.785405251665
"55","T3","T3_74",1,55,4,2,321,0.319248419313286,0.43395295460661,0.0888072857982612,321,275.797179036848
"56","T3","T3_6",1,56,4,1,322,0.327952358305923,0.448009046127973,0.0649444638913084,322,275.915610533989
"70","T3","T3_60",2,70,5,14,323,0.26904093667848,0.509733114314133,0.0722623205603585,323,276.00157275279
"69","T3","T3_117",1,69,5,13,324,0.289125724017761,0.467067010172577,0.0896522468655262,324,275.970008608173
"68","T3","T3_40",1,68,5,12,325,0.28059339319029,0.458417104259063,0.110992106396036,325,275.970881386037
"67","T3","T3_28",2,67,5,11,326,0.299968201126106,0.452097551720922,0.0923172251995388,326,275.998731515765
"66","T3","T3_135",2,66,5,10,327,0.282793847025825,0.511511666499039,0.0532630895362283,327,275.939967620539
"65","T3","T3_70",1,65,5,9,328,0.290315646001009,0.476268125843099,0.0827616829146968,328,275.841662668253
"64","T3","T3_9",1,64,5,8,329,0.315538418754792,0.432533191893868,0.0947517393324405,329,275.980886780429
"63","T3","T3_129",2,63,5,7,330,0.301305417254561,0.425874310108187,0.118886797717114,330,275.930453117978
"62","T3","T3_42",2,62,5,6,331,0.293910258090517,0.484340194875196,0.0691664439655053,331,276.02563070223
"61","T3","T3_34",2,61,5,5,332,0.296284367171031,0.47230363845722,0.0807761343957052,332,275.997829924031
"60","T3","T3_113",2,60,5,4,333,0.294590559934103,0.487420692316037,0.0648390256435276,333,275.81685057415
"59","T3","T3_12",1,59,5,3,334,0.300111425640604,0.490939467932466,0.0560916344315184,334,275.844148310498
"58","T3","T3_121",2,58,5,2,335,0.311457532450111,0.488420314450948,0.0435316878412325,335,275.92891209346
"57","T3","T3_18",2,57,5,1,336,0.280891717839814,0.556377385936288,0.0119759002150467,336,276.001662621027
"71","T3","T3_36",2,71,6,14,337,0.272833557090035,0.487470152673017,0.0888862634629371,337,276.118094071626
"72","T3","T3_89",1,72,6,13,338,0.281977259258127,0.48479657422977,0.0803093217410541,338,275.973920367005
"73","T3","T3_77",1,73,6,12,339,0.257059461183249,0.500077664017643,0.0967316204513582,339,275.975950186237
"74","T3","T3_43",2,74,6,11,340,0.257308347028629,0.505802493495669,0.0899199351861112,340,276.039130096875
"75","T3","T3_2",1,75,6,10,341,0.26207680498451,0.489909140745336,0.0991304142419708,341,276.029849896102
"76","T3","T3_110",1,76,6,9,342,0.277812415561755,0.491620462600862,0.0791773622795626,342,276.006570249531
"77","T3","T3_37",1,77,6,8,343,0.28875210715661,0.453544925357068,0.103576786452646,343,275.94346446314
"78","T3","T3_65",1,78,6,7,344,0.283443251526922,0.480831760427415,0.0831619357893355,344,275.924657293867
"79","T3","T3_86",1,79,6,6,345,0.257374172682321,0.503816351551302,0.0924245666033462,345,275.946625314913
"80","T3","T3_79",1,80,6,5,346,0.268642472427707,0.479947943848142,0.101904300286866,346,276.00206008362
"81","T3","T3_127",2,81,6,4,347,0.270257073865532,0.514662328303977,0.0664031989459502,347,275.900186728106
"82","T3","T3_57",2,82,6,3,348,0.258241550628324,0.525574060755922,0.0702819895391843,348,275.915070605252
"83","T3","T3_105",2,83,6,2,349,0.281931408750208,0.493630845859176,0.0707403128083536,349,275.936716381512
"84","T3","T3_71",1,84,6,1,350,0.283058589101079,0.498218391701478,0.0678187890670645,350,275.939267683333
"98","T3","T3_5",1,98,7,14,351,0.255921871847983,0.534706586285383,0.0643513060740273,351,276.050321298455
"97","T3","T3_51",1,97,7,13,352,0.263282971531516,0.493522256519374,0.0961055588849569,352,275.973041907055
"96","T3","T3_45",1,96,7,12,353,0.265297278972999,0.473336258613899,0.112844130198715,353,275.959314555519
"95","T3","T3_114",1,95,7,11,354,0.270723639385754,0.535408054671038,0.0461217905600973,354,276.045805876037
"94","T3","T3_129",2,94,7,10,355,0.27853652087637,0.474330137913495,0.0962424979288388,355,276.073824289174
"93","T3","T3_135",2,93,7,9,356,0.278859500869463,0.515165253451189,0.0558705426662186,356,276.07086746284
"92","T3","T3_53",1,92,7,8,357,0.275103646541588,0.528648673303809,0.0480066858956103,357,276.026516082246
"91","T3","T3_50",2,91,7,7,358,0.296140058258217,0.464724372310281,0.0860787947651734,358,276.079939010647
"90","T3","T3_32",2,90,7,6,359,0.25556439037914,0.482677180329529,0.120018620171916,359,275.91707016643
"89","T3","T3_130",2,89,7,5,360,0.290933182935576,0.482051184186897,0.0734761087206382,360,276.038956424177
"88","T3","T3_108",1,88,7,4,361,0.277868865223572,0.479746351650909,0.0921932929696123,361,275.947160066145
"87","T3","T3_102",2,87,7,3,362,0.278579158767548,0.518410604167674,0.0503356703736374,362,275.980576051075
"86","T3","T3_23",1,86,7,2,363,0.29084790495399,0.467379434605432,0.0858353208045286,363,275.854353168076
"85","T3","T3_80",1,85,7,1,364,0.272485045220595,0.45709343347389,0.120790128101427,364,275.865071304404
"99","T3","T3_131",2,99,8,14,365,0.263569785096123,0.540816380910141,0.0495019401279453,365,276.104430706872
"100","T3","T3_105",2,100,8,13,366,0.283261642415012,0.499262448493356,0.0644588102747422,366,276.053436197102
"101","T3","T3_132",2,101,8,12,367,0.270356849207458,0.493917393656588,0.0867575785789602,367,276.095616026572
"102","T3","T3_87",1,102,8,11,368,0.256678015805683,0.517936466554799,0.0791944599502564,368,276.084603767785
"103","T3","T3_92",1,103,8,10,369,0.283817786941226,0.461881623677875,0.104263814557787,369,275.96637058562
"104","T3","T3_103",2,104,8,9,370,0.279321204938977,0.494224774075658,0.0773257289549499,370,276.020396792384
"105","T3","T3_109",1,105,8,8,371,0.285745451312824,0.480924684141826,0.0812905474151127,371,276.020835433738
"106","T3","T3_62",1,106,8,7,372,0.262068589273953,0.468351600715886,0.122998583656013,372,275.903954820732
"107","T3","T3_100",2,107,8,6,373,0.287184779070551,0.48129123134353,0.0774476359959983,373,275.93611180864
"108","T3","T3_58",2,108,8,5,374,0.28782170935404,0.466889138749653,0.0919284792289166,374,276.060998287706
"109","T3","T3_61",1,109,8,4,375,0.274227716869808,0.464256849106271,0.111465744114222,375,275.974732283782
"110","T3","T3_54",1,110,8,3,376,0.271659440783314,0.478147613798391,0.101696467585818,376,275.867346546097
"111","T3","T3_41",2,111,8,2,377,0.265672523257897,0.483743313278233,0.101265042002,377,276.006177033869
"112","T3","T3_33",2,112,8,1,378,0.268128027576607,0.502804260640481,0.0796421386722816,378,276.046992627889
"126","T3","T3_76",1,126,9,14,379,0.276015430396589,0.505746537379336,0.0663248391487612,379,276.133340879034
"125","T3","T3_124",2,125,9,13,380,0.298724137955044,0.479928809396487,0.0661273157174077,380,276.104195172712
"124","T3","T3_134",2,124,9,12,381,0.274923447551289,0.491470000526212,0.0867648317580475,381,276.008783906537
"123","T3","T3_56",2,123,9,11,382,0.2716619592135,0.458215348723204,0.122033674181077,382,275.993175656427
"122","T3","T3_53",2,122,9,10,383,0.271781400699804,0.553534957221551,0.0249955874633199,383,276.016617095926
"121","T3","T3_95",1,121,9,9,384,0.284212954988165,0.451688478077519,0.113800079679996,384,275.962338663835
"120","T3","T3_25",1,120,9,8,385,0.269805742166589,0.436064556853897,0.1468899443395,385,275.911406949545
"119","T3","T3_97",1,119,9,7,386,0.273556520404382,0.499816363393983,0.0766364800292289,386,275.960356927088
"118","T3","T3_34",2,118,9,6,387,0.28896318069453,0.480594685879872,0.0795249081263204,387,275.979877553719
"117","T3","T3_128",2,117,9,5,388,0.273778089897711,0.456860618279805,0.119129868095792,388,275.940834379281
"116","T3","T3_43",2,116,9,4,389,0.290931963962075,0.483238144674034,0.0732636389691888,389,276.037664849305
"115","T3","T3_29",1,115,9,3,390,0.292182117108311,0.492569330070554,0.0607093375773173,390,275.996206504667
"114","T3","T3_83",1,114,9,2,391,0.278242238398418,0.480570379608941,0.0909776930692929,391,275.913737775227
"113","T3","T3_121",2,113,9,1,392,0.310132386275222,0.453874053679855,0.0783720696887678,392,276.005496991737
"127","T3","T3_133",2,127,10,14,393,0.273111978395247,0.507615545309454,0.0687227367870841,393,276.149098901776
"128","T3","T3_66",1,128,10,13,394,0.275919499554344,0.528021185903158,0.0455770135001739,394,276.195878526979
"129","T3","T3_81",1,129,10,12,395,0.248268338508113,0.545992380997812,0.062414890612515,395,276.060797674768
"130","T3","T3_137",1,130,10,11,396,0.28284084611471,0.486957896163099,0.0794305677351128,396,276.010839026229
"131","T3","T3_113",2,131,10,10,397,0.278827104020414,0.509354298285773,0.0613569167071565,397,275.980128445825
"132","T3","T3_22",1,132,10,9,398,0.292761800545933,0.516684709506762,0.0364052491773429,398,276.039518198601
"133","T3","T3_31",1,133,10,8,399,0.248518927672656,0.520705370933027,0.0899794699872704,399,276.013921387652
"134","T3","T3_78",1,134,10,7,400,0.262749487615619,0.486612869598322,0.10523635449507,400,275.905327892358
"135","T3","T3_94",1,135,10,6,401,0.318507820267061,0.469772347790702,0.0539211816881279,401,276.009174184365
"136","T3","T3_69",1,136,10,5,402,0.29680756088397,0.479821121719855,0.0680074405038194,402,275.942657843698
"137","T3","T3_122",2,137,10,4,403,0.278655131262934,0.485010110620764,0.0852952646708071,403,275.923896949167
"138","T3","T3_32",2,138,10,3,404,0.245237496815117,0.508602234259712,0.107009246413468,404,275.857118525395
"139","T3","T3_46",1,139,10,2,405,0.267553911244359,0.515483229018883,0.0689693119655327,405,275.897806622189
"140","T3","T3_42",2,140,10,1,406,0.288461429974243,0.498172935415549,0.0613289968651714,406,276.052750056096
"154","T3","T3_138",1,154,11,14,407,0.292398661465731,0.515526439072933,0.0371027150899186,407,276.194978162543
"153","T3","T3_125",2,153,11,13,408,0.281896517351426,0.514544495380472,0.0508410504683471,408,276.136303370087
"152","T3","T3_116",1,152,11,12,409,0.275764116601223,0.502138699312746,0.0712393170856913,409,276.054174425496
"151","T3","T3_36",2,151,11,11,410,0.288641948736606,0.501987022566884,0.0563083725897793,410,276.123629743702
"150","T3","T3_104",2,150,11,10,411,0.26983089475314,0.542473424191366,0.0385259514010091,411,276.059745169967
"149","T3","T3_82",1,149,11,9,412,0.246436126476646,0.523095706665998,0.0890477465145058,412,275.911486358608
"148","T3","T3_68",1,148,11,8,413,0.230930387163933,0.486345045230705,0.14639287860323,413,275.867436632208
"147","T3","T3_98",1,147,11,7,414,0.256275481295451,0.512447108741871,0.0894841112198786,414,275.901935824324
"146","T3","T3_57",2,146,11,6,415,0.264249340754369,0.524808108221602,0.0637567966485143,415,275.933821129101
"145","T3","T3_96",2,145,11,5,416,0.290662489390101,0.507216847718627,0.0481778869925479,416,275.934517210314
"144","T3","T3_90",1,144,11,4,417,0.288955008660224,0.484701132952799,0.0725261520271753,417,275.918169240006
"143","T3","T3_93",1,143,11,3,418,0.282703695442222,0.478228546787582,0.0877844042527998,418,275.893527934831
"142","T3","T3_84",1,142,11,2,419,0.287127612238694,0.470058750268569,0.0893231140376054,419,275.91865291327
"141","T3","T3_39",1,141,11,1,420,0.283106599339146,0.519902379139221,0.0442081028932657,420,276.059505311058
"155","T3","T3_106",1,155,12,14,421,0.277842408604228,0.482295151485936,0.0895718228019156,421,276.070957884426
"156","T3","T3_38",1,156,12,13,422,0.270502999607131,0.448314535103072,0.132956756384029,422,276.040672546645
"157","T3","T3_88",1,157,12,12,423,0.247800948960072,0.512970559075715,0.0965422436511796,423,276.071113978561
"158","T3","T3_102",2,158,12,11,424,0.269302417721407,0.529482002660228,0.052575207483065,424,276.121527638928
"159","T3","T3_123",2,159,12,10,425,0.296322177310825,0.500021451440133,0.0495807480291917,425,275.993306663281
"160","T3","T3_60",2,160,12,9,426,0.286548213226781,0.494664477728764,0.0660976525656459,426,275.974061103067
"161","T3","T3_52",1,161,12,8,427,0.291284627821814,0.455946274795836,0.100219490233106,427,275.920768198613
"162","T3","T3_3",1,162,12,7,428,0.282747485485163,0.512139888932867,0.0549671255478004,428,276.012884086151
"163","T3","T3_72",1,163,12,6,429,0.28066982414369,0.54416601410123,0.0233686350928314,429,276.093311205166
"164","T3","T3_16",1,164,12,5,430,0.296592288486747,0.448033627498717,0.101101779996926,430,275.985117991363
"165","T3","T3_11",1,165,12,4,431,0.269622027946531,0.454500173895239,0.130364455842631,431,275.883312416799
"166","T3","T3_130",2,166,12,3,432,0.288032402492838,0.491404283145564,0.0680866374937348,432,275.919566696655
"167","T3","T3_1",1,167,12,2,433,0.278631667251543,0.517764839950588,0.0515851960622028,433,275.982021614252
"168","T3","T3_4",1,168,12,1,434,0.277942223743231,0.506553121959599,0.0650318494711135,434,276.011310515383
"182","T3","T3_17",1,182,13,14,435,0.273066358173154,0.495611532873878,0.0838778241925167,435,276.033215515716
"181","T3","T3_28",2,181,13,13,436,0.259277144780796,0.485057017519206,0.111349990166696,436,276.016100517516
"180","T3","T3_19",2,180,13,12,437,0.2688768150613,0.518749551258688,0.0646298228871136,437,276.029063704277
"179","T3","T3_20",2,179,13,11,438,0.292273833973983,0.49684635787583,0.0594645859630485,438,276.050275038595
"178","T3","T3_118",1,178,13,10,439,0.298316989572838,0.506580734974606,0.0399817380510936,439,276.051648498546
"177","T3","T3_126",2,177,13,9,440,0.240232655353399,0.542565193749751,0.0808234403469883,440,275.973293851671
"176","T3","T3_127",2,176,13,8,441,0.251258442314894,0.535058171951443,0.0735668638352333,441,275.883359062378
"175","T3","T3_44",2,175,13,7,442,0.258970358259055,0.543089717872859,0.0548702365918824,442,275.993237492275
"174","T3","T3_21",1,174,13,6,443,0.302394895052213,0.498254700872124,0.0443381803450948,443,275.94528724763
"173","T3","T3_59",2,173,13,5,444,0.271325934857031,0.56518958191298,0.0145964705123384,444,275.987763369176
"172","T3","T3_18",2,172,13,4,445,0.279457322029775,0.552719035146257,0.0173298627219197,445,275.995614527799
"171","T3","T3_30",2,171,13,3,446,0.313689355745729,0.471663960347691,0.0572368708210369,446,275.925577949687
"170","T3","T3_112",2,170,13,2,447,0.310027016815366,0.505001491051299,0.0285627301094402,447,275.934327063703
"169","T3","T3_50",2,169,13,1,448,0.285554274828518,0.506017718573427,0.0563673654146602,448,276.046938893398
"14","T4","T4_67",1,14,1,14,449,0.27718660294192,0.487850379187088,0.0834900370915593,449,275.664882076999
"13","T4","T4_75",1,13,1,13,450,0.290217708320075,0.461648067296944,0.0942982250892981,450,275.623289258429
"12","T4","T4_6",1,12,1,12,451,0.300778782193148,0.43603284889079,0.108787700905999,451,275.55407697398
"11","T4","T4_69",1,11,1,11,452,0.308359703055503,0.408452721434856,0.125181344770582,452,275.512490279018
"10","T4","T4_80",1,10,1,10,453,0.289897097079194,0.441964862344676,0.115112169931488,453,275.483495343852
"9","T4","T4_54",1,9,1,9,454,0.288507699270983,0.466934154060779,0.0914248038277722,454,275.404013819266
"8","T4","T4_83",1,8,1,8,455,0.262524815643471,0.465134796291001,0.127495589372572,455,275.422528383633
"7","T4","T4_65",1,7,1,7,456,0.288734246297222,0.469619241331965,0.0889041148645479,456,275.416640219174
"6","T4","T4_51",1,6,1,6,457,0.298509265028044,0.461980231709256,0.0840013748132894,457,275.508860216082
"5","T4","T4_14",1,5,1,5,458,0.289648918524902,0.475009030572201,0.0819897391009257,458,275.459914735057
"4","T4","T4_12",1,4,1,4,459,0.288889084328749,0.476091608719901,0.0815707548868515,459,275.515611849874
"3","T4","T4_89",1,3,1,3,460,0.293082416163911,0.465081688839293,0.0870326133233186,460,275.501876276866
"2","T4","T4_94",1,2,1,2,461,0.288049200306782,0.476202216635842,0.082309355871933,461,275.481145058661
"1","T4","T4_88",1,1,1,1,462,0.299735411247703,0.479549773338557,0.0665874540664965,462,275.49715923049
"15","T4","T4_100",1,15,2,14,463,0.283799579357745,0.490286555058022,0.0726536859242028,463,275.706620399083
"16","T4","T4_4",1,16,2,13,464,0.303699053976805,0.449762524453649,0.0904500374491001,464,275.67410007659
"17","T4","T4_107",1,17,2,12,465,0.30154612437797,0.469450413895913,0.0734193245838483,465,275.649577247646
"18","T4","T4_1",1,18,2,11,466,0.286460115490823,0.483439343310177,0.0778323959654565,466,275.65506652666
"19","T4","T4_108",1,19,2,10,467,0.289163657456188,0.45173991603694,0.105605778693336,467,275.694671208702
"20","T4","T4_13",1,20,2,9,468,0.291418035871728,0.451361913006837,0.103251555084164,468,275.630221518913
"21","T4","T4_44",1,21,2,8,469,0.270928115455517,0.529237877499603,0.0509404190704703,469,275.609105869395
"22","T4","T4_58",1,22,2,7,470,0.282657499863717,0.476112927483419,0.0918354781478362,470,275.51125322438
"23","T4","T4_37",1,23,2,6,471,0.292191322479219,0.494873377930638,0.0589934090343903,471,275.562687540547
"24","T4","T4_23",1,24,2,5,472,0.310230237826364,0.471568970186424,0.0611840888922465,472,275.536458697662
"25","T4","T4_7",1,25,2,4,473,0.30178297857566,0.448650446623339,0.0935297632144656,473,275.421664274361
"26","T4","T4_111",1,26,2,3,474,0.291048966690434,0.491526019044445,0.0628584570254859,474,275.553267154393
"27","T4","T4_91",1,27,2,2,475,0.300605425150453,0.444092100360251,0.0986119513623331,475,275.525950056957
"28","T4","T4_15",1,28,2,1,476,0.303001648201495,0.461113424082248,0.0801777545776254,476,275.540692038193
"42","T4","T4_68",1,42,3,14,477,0.319677702902234,0.466391118788762,0.0539423473368361,477,275.807950631436
"41","T4","T4_102",1,41,3,13,478,0.310771513342212,0.486058253781325,0.0467831159408946,478,275.858612431961
"40","T4","T4_20",1,40,3,12,479,0.313211334603994,0.466738358859964,0.0641196840566102,479,275.750458058874
"39","T4","T4_25",1,39,3,11,480,0.298367775452305,0.459238120307066,0.0876316395099542,480,275.622184541057
"38","T4","T4_41",1,38,3,10,481,0.288801688240241,0.45774957240174,0.0998736312902669,481,275.645024122589
"37","T4","T4_73",1,37,3,9,482,0.301775469257069,0.49406906986953,0.0472759715368361,482,275.696929443746
"36","T4","T4_105",1,36,3,8,483,0.299014452964444,0.497226558133651,0.0486505314990297,483,275.625053565753
"35","T4","T4_62",1,35,3,7,484,0.301433138892434,0.438556203914959,0.104153235159001,484,275.582777021817
"34","T4","T4_9",1,34,3,6,485,0.298929286514219,0.456800011868946,0.0883567722321106,485,275.615307209716
"33","T4","T4_16",1,33,3,5,486,0.295395734239202,0.429636500731183,0.11989287603069,486,275.707425971284
"32","T4","T4_32",1,32,3,4,487,0.284084577072467,0.463055032598482,0.102930132937714,487,275.610236969767
"31","T4","T4_21",1,31,3,3,488,0.276802007795463,0.485228908008282,0.0879729795680761,488,275.561446499457
"30","T4","T4_71",1,30,3,2,489,0.284450659598756,0.485891169758544,0.0756662156721786,489,275.505657732724
"29","T4","T4_40",1,29,3,1,490,0.284021340346812,0.496022792001835,0.0679714181712901,490,275.623578841665
"43","T4","T4_17",1,43,4,14,491,0.294895735737624,0.472883916172735,0.0785798879291223,491,275.87279106857
"44","T4","T4_109",1,44,4,13,492,0.242597954785879,0.552666951690152,0.0661624615891764,492,275.796818377525
"45","T4","T4_101",1,45,4,12,493,0.298645689734665,0.506408749818613,0.0400572501939383,493,275.701378149612
"46","T4","T4_98",1,46,4,11,494,0.280216897230155,0.483269239264747,0.0855316086154116,494,275.684008548888
"47","T4","T4_45",1,47,4,10,495,0.277179933199449,0.492366351294847,0.0787704142226366,495,275.608226572622
"48","T4","T4_10",1,48,4,9,496,0.292931045663629,0.495907872281325,0.0570153496574544,496,275.60872476828
"49","T4","T4_48",1,49,4,8,497,0.287008411097914,0.4738937263624,0.0866670035975288,497,275.713446773316
"50","T4","T4_3",1,50,4,7,498,0.279774776898061,0.503410574743442,0.0646508674024429,498,275.75952380328
"51","T4","T4_57",1,51,4,6,499,0.288682239081117,0.501822339612766,0.0547570748895028,499,275.642084623143
"52","T4","T4_99",1,52,4,5,500,0.289773590987906,0.491357081122003,0.0658652216775575,500,275.570288988089
"53","T4","T4_117",1,53,4,4,501,0.289908924698198,0.468878534977813,0.0884178653714728,501,275.633299316739
"54","T4","T4_112",1,54,4,3,502,0.293464155680557,0.461340549208402,0.0909844178514034,502,275.638818105038
"55","T4","T4_82",1,55,4,2,503,0.266833655380091,0.52028794108113,0.0639723154674307,503,275.655990095662
"56","T4","T4_19",1,56,4,1,504,0.271286737757813,0.516246494955819,0.0626579788420257,504,275.726219476498
"70","T4","T4_30",1,70,5,14,505,0.277274240726156,0.46521047981245,0.105734815951877,505,275.776958102034
"69","T4","T4_50",1,69,5,13,506,0.285187321180757,0.486212473594773,0.0752640703165833,506,275.79454354618
"68","T4","T4_95",1,68,5,12,507,0.277921904569772,0.50569051718278,0.0648629994662726,507,275.749448465162
"67","T4","T4_49",1,67,5,11,508,0.277947007107754,0.467071168831083,0.105102910168182,508,275.645578135286
"66","T4","T4_116",1,66,5,10,509,0.298316138245027,0.430649651693795,0.118447917487418,509,275.628977736969
"65","T4","T4_8",1,65,5,9,510,0.308376299826524,0.505914379064909,0.0317589519769163,510,275.819817661005
"64","T4","T4_18",1,64,5,8,511,0.27383640598671,0.498537102805122,0.0794302709381176,511,275.73741287787
"63","T4","T4_11",1,63,5,7,512,0.273954933470541,0.516534190468075,0.059217989983161,512,275.622812415192
"62","T4","T4_36",1,62,5,6,513,0.277176562228251,0.50646570801469,0.0646815474031411,513,275.668314810874
"61","T4","T4_104",1,61,5,5,514,0.28205005470324,0.477470845773646,0.0887045829003396,514,275.610223021733
"60","T4","T4_5",1,60,5,4,515,0.304424556103368,0.463972283216241,0.0745640460946524,515,275.685127564363
"59","T4","T4_52",1,59,5,3,516,0.297131904417609,0.454138631636118,0.0933147125181219,516,275.722158772106
"58","T4","T4_61",1,58,5,2,517,0.297956091850684,0.452532801924448,0.0944224640890111,517,275.698831639973
"57","T4","T4_22",1,57,5,1,518,0.288259929091395,0.476467837094038,0.0828323146886124,518,275.675219068992
"71","T4","T4_27",2,71,6,14,519,0.302563258613949,0.459064282950607,0.081690213846302,519,275.818421679746
"72","T4","T4_21",2,72,6,13,520,0.298326997735286,0.461877073078247,0.084365182083642,520,275.903950402934
"73","T4","T4_7",2,73,6,12,521,0.298501063710407,0.451524781007405,0.0951692028344393,521,275.705866038044
"74","T4","T4_28",2,74,6,11,522,0.278271649674295,0.502441119808738,0.0684540452116449,522,275.761563606934
"75","T4","T4_31",2,75,6,10,523,0.285531823564919,0.507283416167013,0.0547307145962626,523,275.881235288006
"76","T4","T4_79",2,76,6,9,524,0.302951060572115,0.49162720458206,0.0488609405437731,524,275.781570977172
"77","T4","T4_34",2,77,6,8,525,0.29219109192343,0.475805870715159,0.0780583990270348,525,275.808322172092
"78","T4","T4_76",2,78,6,7,526,0.294676638264661,0.48136346088053,0.0687354322018752,526,275.785808578913
"79","T4","T4_14",2,79,6,6,527,0.286031668953049,0.463733952016297,0.0977658142042448,527,275.681823435519
"80","T4","T4_115",2,80,6,5,528,0.291912012174143,0.447544036809188,0.105940980773742,528,275.697080051943
"81","T4","T4_97",2,81,6,4,529,0.272272775437104,0.468594407676235,0.109254020073521,529,275.676123248231
"82","T4","T4_114",2,82,6,3,530,0.271905349137324,0.467672572304653,0.109088414707612,530,275.636926987726
"83","T4","T4_47",2,83,6,2,531,0.281304927614957,0.478202238933387,0.0881888547515192,531,275.647293506986
"84","T4","T4_90",2,84,6,1,532,0.275243839878424,0.500436031383143,0.0726456480551144,532,275.723676712526
"98","T4","T4_84",2,98,7,14,533,0.275205520481768,0.472585668268547,0.103147559668191,533,275.794455682107
"97","T4","T4_53",2,97,7,13,534,0.279691225321761,0.511905786927236,0.0561330456365072,534,275.902118169822
"96","T4","T4_15",2,96,7,12,535,0.273961551501301,0.466650687928971,0.109785659694356,535,275.777159359432
"95","T4","T4_11",2,95,7,11,536,0.24734914264186,0.541274760592183,0.0697730356772168,536,275.743679683467
"94","T4","T4_39",2,94,7,10,537,0.255554274377262,0.54094048508217,0.0580378599627035,537,275.812972353308
"93","T4","T4_19",2,93,7,9,538,0.274204437910529,0.52960713340216,0.0464733360469817,538,275.826620964724
"92","T4","T4_66",2,92,7,8,539,0.285094676529652,0.484068715165612,0.0766946278713842,539,275.77671552476
"91","T4","T4_9",2,91,7,7,540,0.286536396768103,0.470818178599692,0.089106993218299,540,275.70219753149
"90","T4","T4_10",2,90,7,6,541,0.277494460214242,0.520917057035521,0.0502525482769504,541,275.769316417361
"89","T4","T4_77",2,89,7,5,542,0.261706623885586,0.52042689453592,0.070185603113561,542,275.892400165715
"88","T4","T4_60",2,88,7,4,543,0.274820541071207,0.495625396373728,0.0785928840200978,543,275.799916114558
"87","T4","T4_93",2,87,7,3,544,0.276375858947778,0.48528598780598,0.0873584758748362,544,275.762740393789
"86","T4","T4_4",2,86,7,2,545,0.273419329134755,0.476856360352164,0.0985926411778686,545,275.745475218729
"85","T4","T4_55",2,85,7,1,546,0.250137958649977,0.526717523861178,0.077748517423503,546,275.793396613426
"99","T4","T4_87",2,99,8,14,547,0.294897588135666,0.470310711948674,0.0803384941870005,547,275.944351546171
"100","T4","T4_78",2,100,8,13,548,0.25639104160969,0.493676296452464,0.105915945586503,548,275.92309680584
"101","T4","T4_42",2,101,8,12,549,0.284940563703341,0.475163436335162,0.0879334039461131,549,275.763046852867
"102","T4","T4_64",2,102,8,11,550,0.304287574597366,0.446600253691223,0.0928032244703075,550,275.800140784376
"103","T4","T4_118",2,103,8,10,551,0.272742889761404,0.539170146854327,0.0394590109340564,551,275.944912150937
"104","T4","T4_33",2,104,8,9,552,0.243151244313566,0.559094309252385,0.0567545838817837,552,275.94543947223
"105","T4","T4_56",2,105,8,8,553,0.275097937565853,0.494038393925502,0.0813961288937609,553,275.770492640928
"106","T4","T4_46",2,106,8,7,554,0.319726480329578,0.453720974633465,0.0692329461345368,554,275.70047540159
"107","T4","T4_72",2,107,8,6,555,0.312226879923351,0.496879133265678,0.0343475986303155,555,275.797794282342
"108","T4","T4_8",2,108,8,5,556,0.316378481945066,0.505043339378632,0.0218033503428318,556,275.82269465026
"109","T4","T4_24",2,109,8,4,557,0.300922797577367,0.46271643572544,0.0809523569164718,557,275.725251133398
"110","T4","T4_74",2,110,8,3,558,0.295332600632893,0.50118634719045,0.0494234773901516,558,275.759030280225
"111","T4","T4_86",2,111,8,2,559,0.306797173894773,0.468227100068332,0.0695519857852303,559,275.640158064401
"112","T4","T4_63",2,112,8,1,560,0.300685595515065,0.486621450997749,0.0562491508742845,560,275.744882882637
"126","T4","T4_29",2,126,9,14,561,0.321017650473557,0.450110840163862,0.0692376957075693,561,275.881442448936
"125","T4","T4_23",2,125,9,13,562,0.287287694235006,0.483448615787303,0.0775179670099433,562,275.867924196594
"124","T4","T4_43",2,124,9,12,563,0.285731234757599,0.467629130364427,0.0953064207402487,563,275.914920541681
"123","T4","T4_59",2,123,9,11,564,0.274556015524197,0.516488570057462,0.061419439071591,564,275.755546041503
"122","T4","T4_35",2,122,9,10,565,0.302993309139913,0.47104891045129,0.0698068306749722,565,275.81391609556
"121","T4","T4_96",2,121,9,9,566,0.290958182823129,0.496782819989907,0.0580234818870483,566,275.835998153214
"120","T4","T4_12",2,120,9,8,567,0.287688291572767,0.479180020140836,0.0798627556319607,567,275.874681026139
"119","T4","T4_3",2,119,9,7,568,0.299641205518549,0.492315438329757,0.0534057324722402,568,275.809177196615
"118","T4","T4_85",2,118,9,6,569,0.304228542992526,0.47310549775728,0.0665992523050001,569,275.718589943797
"117","T4","T4_81",2,117,9,5,570,0.287731678339226,0.472963946862586,0.0861503436140837,570,275.742905940082
"116","T4","T4_103",2,116,9,4,571,0.290472490490362,0.44517110658058,0.112285531821305,571,275.623576214335
"115","T4","T4_17",2,115,9,3,572,0.300697075233059,0.460591641044133,0.0831942964749179,572,275.765727036476
"114","T4","T4_6",2,114,9,2,573,0.302184974529207,0.467060733391574,0.0748975411303119,573,275.787082352038
"113","T4","T4_22",2,113,9,1,574,0.290922119537922,0.48501031313554,0.0695987059752105,574,275.806915792188
"127","T4","T4_18",2,127,10,14,575,0.288680716830632,0.483044746030561,0.0753044483428335,575,275.94574190986
"128","T4","T4_16",2,128,10,13,576,0.293186359807415,0.454766378356274,0.0973240950708817,576,275.965083139373
"129","T4","T4_38",2,129,10,12,577,0.300672161956755,0.483333897302543,0.0604583958184189,577,275.812456884854
"130","T4","T4_26",2,130,10,11,578,0.271590955671462,0.46998576298685,0.11292347756995,578,275.695365069138
"131","T4","T4_70",2,131,10,10,579,0.298774971905636,0.473833362511527,0.0728232948628827,579,275.74150647679
"132","T4","T4_5",2,132,10,9,580,0.297548027928178,0.504611208888401,0.0417708198441955,580,275.89083882355
"133","T4","T4_110",2,133,10,8,581,0.270649742561427,0.538383725169339,0.0429232031374663,581,275.809530013239
"134","T4","T4_1",2,134,10,7,582,0.29213118479724,0.499689240210643,0.0536061916263361,582,275.74472851199
"135","T4","T4_113",2,135,10,6,583,0.270761986713751,0.541151930044187,0.0394849357014461,583,275.81511517359
"136","T4","T4_92",2,136,10,5,584,0.293357370914847,0.480358537009853,0.0723285373740412,584,275.764438284742
"137","T4","T4_20",2,137,10,4,585,0.283528819730016,0.477617623318907,0.0859821132398709,585,275.769901854489
"138","T4","T4_13",2,138,10,3,586,0.288719910598801,0.484105262664334,0.0731110772190941,586,275.862689520491
"139","T4","T4_106",2,139,10,2,587,0.27504917139629,0.517487606649646,0.0570886981613518,587,275.766778253557
"140","T4","T4_2",2,140,10,1,588,0.283222166575323,0.509043965687927,0.0538888339812194,588,275.784818092271
